,job,link,count
0,.Net,https://www.monster.com/jobs/q-dot-net-jobs.aspx,1000.0
1,.NET Developer,https://www.monster.com/jobs/q-dot-net-developer-jobs.aspx,664.0
2,2Nd Line Support,https://www.monster.com/jobs/q-2nd-line-support-jobs.aspx,38.0
3,3Rd Line Support,https://www.monster.com/jobs/q-3rd-line-support-jobs.aspx,22.0
4,ABAP programmer,https://www.monster.com/jobs/q-abap-programmer-jobs.aspx,13.0
5,Access Developer,https://www.monster.com/jobs/q-access-developer-jobs.aspx,15.0
6,Ada Programmer,https://www.monster.com/jobs/q-ada-programmer-jobs.aspx,235.0
7,Ada Software Engineer,https://www.monster.com/jobs/q-ada-software-engineer-jobs.aspx,7.0
8,Advanced Technology,https://www.monster.com/jobs/q-advanced-technology-jobs.aspx,1000.0
9,Advanced Technology Director,https://www.monster.com/jobs/q-advanced-technology-director-jobs.aspx,1000.0
10,Agile Project Manager,https://www.monster.com/jobs/q-agile-project-manager-jobs.aspx,173.0
11,AIX Systems Administrator,https://www.monster.com/jobs/q-aix-systems-administrator-jobs.aspx,20.0
12,AIX Technical Support Engineer,https://www.monster.com/jobs/q-aix-technical-support-engineer-jobs.aspx,516.0
13,Android Developer,https://www.monster.com/jobs/q-android-developer-jobs.aspx,583.0
14,Application,https://www.monster.com/jobs/q-application-jobs.aspx,1000.0
15,Application Architect,https://www.monster.com/jobs/q-application-architect-jobs.aspx,1000.0
16,Application Computer Software Engineer,https://www.monster.com/jobs/q-application-computer-software-engineer-jobs.aspx,1000.0
17,Application Developer,https://www.monster.com/jobs/q-application-developer-jobs.aspx,1000.0
18,Application Engineer,https://www.monster.com/jobs/q-application-engineer-jobs.aspx,1000.0
19,Application Specialist,https://www.monster.com/jobs/q-application-specialist-jobs.aspx,1000.0
20,Application Support Analyst,https://www.monster.com/jobs/q-application-support-analyst-jobs.aspx,432.0
21,Applications Design Analyst,https://www.monster.com/jobs/q-applications-design-analyst-jobs.aspx,1000.0
22,Applications Developer,https://www.monster.com/jobs/q-applications-developer-jobs.aspx,1000.0
23,Applications Development Manager,https://www.monster.com/jobs/q-applications-development-manager-jobs.aspx,276.0
24,Applications Engineer,https://www.monster.com/jobs/q-applications-engineer-jobs.aspx,1000.0
25,Applications Manager,https://www.monster.com/jobs/q-applications-manager-jobs.aspx,897.0
26,AS/400 Programmer Analyst,https://www.monster.com/jobs/q-as-400-programmer-analyst-jobs.aspx,35.0
27,AS400 Operator,https://www.monster.com/jobs/q-as400-operator-jobs.aspx,1.0
28,ASIC Design Engineer,https://www.monster.com/jobs/q-asic-design-engineer-jobs.aspx,73.0
29,ASIC Engineer,https://www.monster.com/jobs/q-asic-engineer-jobs.aspx,75.0
30,ASP Developer,https://www.monster.com/jobs/q-asp-developer-jobs.aspx,3.0
31,Asp.Net Developer,https://www.monster.com/jobs/q-asp-dot-net-developer-jobs.aspx,115.0
32,Automation,https://www.monster.com/jobs/q-automation-jobs.aspx,1000.0
33,Avaya Engineer,https://www.monster.com/jobs/q-avaya-engineer-jobs.aspx,8.0
34,Baan System Administrator,https://www.monster.com/jobs/q-baan-system-administrator-jobs.aspx,10.0
35,Banking Analyst,https://www.monster.com/jobs/q-banking-analyst-jobs.aspx,154.0
36,Broadband Sr. Systems Administrator,https://www.monster.com/jobs/q-broadband-sr-systems-administrator-jobs.aspx,33.0
37,Broadband Systems Administrator,https://www.monster.com/jobs/q-broadband-systems-administrator-jobs.aspx,136.0
38,Business Architect,https://www.monster.com/jobs/q-business-architect-jobs.aspx,495.0
39,Business Change Manager,https://www.monster.com/jobs/q-business-change-manager-jobs.aspx,27.0
40,Business Intelligence Analyst,https://www.monster.com/jobs/q-business-intelligence-analyst-jobs.aspx,628.0
41,Business Intelligence Manager,https://www.monster.com/jobs/q-business-intelligence-manager-jobs.aspx,129.0
42,Business Objects Developer,https://www.monster.com/jobs/q-business-objects-developer-jobs.aspx,71.0
43,Business Project Manager,https://www.monster.com/jobs/q-business-project-manager-jobs.aspx,159.0
44,Business Systems Analyst,https://www.monster.com/jobs/q-business-systems-analyst-jobs.aspx,1000.0
45,Business Systems Design Analyst,https://www.monster.com/jobs/q-business-systems-design-analyst-jobs.aspx,1000.0
46,Business Systems Manager,https://www.monster.com/jobs/q-business-systems-manager-jobs.aspx,78.0
47,C Programmer,https://www.monster.com/jobs/q-cprogrammer-jobs.aspx,124.0
48,C# Developer,https://www.monster.com/jobs/q-csharp-developer-jobs.aspx,258.0
49,C/C++ Developer,https://www.monster.com/jobs/q-cplusplus-developer-jobs.aspx,60.0
50,C/C++ Programmer,https://www.monster.com/jobs/q-cplusplus-programmer-jobs.aspx,25.0
51,C++ Developer,https://www.monster.com/jobs/q-cdeveloper-jobs.aspx,258.0
52,C++ Programmer,https://www.monster.com/jobs/q-cplusplusprogrammer-jobs.aspx,124.0
53,CAD,https://www.monster.com/jobs/q-cad-jobs.aspx,1000.0
54,CAD Design,https://www.monster.com/jobs/q-cad-design-jobs.aspx,767.0
55,Call Center Technical Analyst,https://www.monster.com/jobs/q-call-center-technical-analyst-jobs.aspx,1000.0
56,Call Center Technology Consultant,https://www.monster.com/jobs/q-call-center-technology-consultant-jobs.aspx,1000.0
57,Capacity Manager,https://www.monster.com/jobs/q-capacity-manager-jobs.aspx,46.0
58,Central Office Switch Technician,https://www.monster.com/jobs/q-central-office-switch-technician-jobs.aspx,2.0
59,Central Office Technician,https://www.monster.com/jobs/q-central-office-technician-jobs.aspx,6.0
60,Change Analyst,https://www.monster.com/jobs/q-change-analyst-jobs.aspx,48.0
61,Change Consultant,https://www.monster.com/jobs/q-change-consultant-jobs.aspx,64.0
62,Change Manager,https://www.monster.com/jobs/q-change-manager-jobs.aspx,423.0
63,Chief Architect,https://www.monster.com/jobs/q-chief-architect-jobs.aspx,318.0
64,Chief Financial Officer,https://www.monster.com/jobs/q-chief-financial-officer-jobs.aspx,1000.0
65,Chief Technology Officer,https://www.monster.com/jobs/q-chief-technology-officer-jobs.aspx,470.0
66,CIO,https://www.monster.com/jobs/q-cio-jobs.aspx,1000.0
67,Cisa,https://www.monster.com/jobs/q-cisa-jobs.aspx,1000.0
68,Cisco Engineer,https://www.monster.com/jobs/q-cisco-engineer-jobs.aspx,39.0
69,Cisco Support Technician,https://www.monster.com/jobs/q-cisco-support-technician-jobs.aspx,1000.0
70,Clas Consultant,https://www.monster.com/jobs/q-clas-consultant-jobs.aspx,62.0
71,Client and Server Programmer,https://www.monster.com/jobs/q-client-server-programmer-jobs.aspx,1000.0
72,Client Programmer,https://www.monster.com/jobs/q-client-programmer-jobs.aspx,22.0
73,COBOL Programmer,https://www.monster.com/jobs/q-cobol-programmer-jobs.aspx,60.0
74,Coding,https://www.monster.com/jobs/q-coding-jobs.aspx,1000.0
75,Cognos Developer,https://www.monster.com/jobs/q-cognos-developer-jobs.aspx,109.0
76,Cold Fusion Developer,https://www.monster.com/jobs/q-cold-fusion-developer-jobs.aspx,9.0
77,Coldfusion,https://www.monster.com/jobs/q-coldfusion-jobs.aspx,475.0
78,Coldfusion Developer,https://www.monster.com/jobs/q-coldfusion-developer-jobs.aspx,48.0
79,Communications Engineer,https://www.monster.com/jobs/q-communications-engineer-jobs.aspx,294.0
80,Computer and Information Scientist,https://www.monster.com/jobs/q-computer-information-scientist-jobs.aspx,1000.0
81,Computer and Information Systems Manager,https://www.monster.com/jobs/q-computer-information-systems-manager-jobs.aspx,1000.0
82,Computer Applications Software Engineer,https://www.monster.com/jobs/q-computer-applications-software-engineer-jobs.aspx,1000.0
83,Computer Hacking,https://www.monster.com/jobs/q-computer-hacking-jobs.aspx,19.0
84,Computer Hacking Forensic Investigator,https://www.monster.com/jobs/q-computer-hacking-forensic-investigator-jobs.aspx,9.0
85,Computer Hardware Engineer,https://www.monster.com/jobs/q-computer-hardware-engineer-jobs.aspx,2.0
86,Computer Information Systems,https://www.monster.com/jobs/q-computer-information-systems-jobs.aspx,1000.0
87,Computer Lab Manager,https://www.monster.com/jobs/q-computer-lab-manager-jobs.aspx,4.0
88,Computer Networking,https://www.monster.com/jobs/q-computer-networking-jobs.aspx,1000.0
89,"Computer Networking, Other",https://www.monster.com/jobs/q-computer-networking-other-jobs.aspx,1.0
90,Computer Operations Group Leader,https://www.monster.com/jobs/q-computer-operations-group-leader-jobs.aspx,1000.0
91,Computer Operator,https://www.monster.com/jobs/q-computer-operator-jobs.aspx,354.0
92,Computer Programmer,https://www.monster.com/jobs/q-computer-programmer-jobs.aspx,399.0
93,Computer Programming,https://www.monster.com/jobs/q-computer-programming-jobs.aspx,1000.0
94,Computer Scientist,https://www.monster.com/jobs/q-computer-scientist-jobs.aspx,569.0
95,Computer Software Engineer,https://www.monster.com/jobs/q-computer-software-engineer-jobs.aspx,29.0
96,Computer Specialists,https://www.monster.com/jobs/q-computer-specialists-jobs.aspx,123.0
97,Computer Support Specialist,https://www.monster.com/jobs/q-computer-support-specialist-jobs.aspx,53.0
98,Computer Systems Analyst,https://www.monster.com/jobs/q-computer-systems-analyst-jobs.aspx,197.0
99,Computer Technician,https://www.monster.com/jobs/q-computer-technician-jobs.aspx,371.0
100,"Computer, Information Technology, and Mathematical",https://www.monster.com/jobs/q-computer-information-technology-mathematical-jobs.aspx,1000.0
101,"Computer, IT, and Mathematical Management",https://www.monster.com/jobs/q-computer-it-mathematical-management-jobs.aspx,1000.0
102,Configuration Analyst,https://www.monster.com/jobs/q-configuration-analyst-jobs.aspx,340.0
103,Control Systems Engineer,https://www.monster.com/jobs/q-control-systems-engineer-jobs.aspx,313.0
104,Crm Consultant,https://www.monster.com/jobs/q-crm-consultant-jobs.aspx,67.0
105,Crm Manager,https://www.monster.com/jobs/q-crm-manager-jobs.aspx,108.0
106,Crm Project Manager,https://www.monster.com/jobs/q-crm-project-manager-jobs.aspx,30.0
107,Crystal Reports Developer,https://www.monster.com/jobs/q-crystal-reports-developer-jobs.aspx,24.0
108,Data Administrator,https://www.monster.com/jobs/q-data-administrator-jobs.aspx,144.0
109,Data Center,https://www.monster.com/jobs/q-data-center-jobs.aspx,1000.0
110,Data Center Analyst,https://www.monster.com/jobs/q-data-center-analyst-jobs.aspx,13.0
111,Data Center Engineer,https://www.monster.com/jobs/q-data-center-engineer-jobs.aspx,114.0
112,Data Center Manager,https://www.monster.com/jobs/q-data-center-manager-jobs.aspx,132.0
113,Data Center Operator,https://www.monster.com/jobs/q-data-center-operator-jobs.aspx,30.0
114,Data Mining,https://www.monster.com/jobs/q-data-mining-jobs.aspx,1000.0
115,Data Processing,https://www.monster.com/jobs/q-data-processing-jobs.aspx,1000.0
116,Data Warehouse,https://www.monster.com/jobs/q-data-warehouse-jobs.aspx,1000.0
117,Data Warehouse Developer,https://www.monster.com/jobs/q-data-warehouse-developer-jobs.aspx,246.0
118,Data Warehouse Information Architect,https://www.monster.com/jobs/q-data-warehouse-information-architect-jobs.aspx,1000.0
119,Data Warehouse Technical Consultant,https://www.monster.com/jobs/q-data-warehouse-technical-consultant-jobs.aspx,1000.0
120,Database Administration,https://www.monster.com/jobs/q-database-administration-jobs.aspx,1000.0
121,Database Administrator,https://www.monster.com/jobs/q-database-administrator-jobs.aspx,1000.0
122,Database and Data Management,https://www.monster.com/jobs/q-database-data-management-jobs.aspx,1000.0
123,Database Architect,https://www.monster.com/jobs/q-database-architect-jobs.aspx,348.0
124,Database Designer,https://www.monster.com/jobs/q-database-designer-jobs.aspx,64.0
125,Database Developer,https://www.monster.com/jobs/q-database-developer-jobs.aspx,1000.0
126,Database Engineer,https://www.monster.com/jobs/q-database-engineer-jobs.aspx,746.0
127,Database Manager,https://www.monster.com/jobs/q-database-manager-jobs.aspx,243.0
128,Database Specialist,https://www.monster.com/jobs/q-database-specialist-jobs.aspx,171.0
129,DB2,https://www.monster.com/jobs/q-db2-jobs.aspx,1000.0
130,DB2 DBA,https://www.monster.com/jobs/q-db2-dba-jobs.aspx,139.0
131,DBA,https://www.monster.com/jobs/q-dba-jobs.aspx,1000.0
132,DBS Installer,https://www.monster.com/jobs/q-dbs-installer-jobs.aspx,183.0
133,Delivery Manager,https://www.monster.com/jobs/q-delivery-manager-jobs.aspx,1000.0
134,Delphi Developer,https://www.monster.com/jobs/q-delphi-developer-jobs.aspx,15.0
135,Deputy,https://www.monster.com/jobs/q-deputy-jobs.aspx,1000.0
136,Desktop Engineer,https://www.monster.com/jobs/q-desktop-engineer-jobs.aspx,195.0
137,Desktop Support Engineer,https://www.monster.com/jobs/q-desktop-support-engineer-jobs.aspx,89.0
138,Developer,https://www.monster.com/jobs/q-developer-jobs.aspx,1000.0
139,Development,https://www.monster.com/jobs/q-development-jobs.aspx,1000.0
140,Development Assistant,https://www.monster.com/jobs/q-development-assistant-jobs.aspx,235.0
141,Development Associate,https://www.monster.com/jobs/q-development-associate-jobs.aspx,1000.0
142,Development Engineer,https://www.monster.com/jobs/q-development-engineer-jobs.aspx,1000.0
143,Development Manager,https://www.monster.com/jobs/q-development-manager-jobs.aspx,1000.0
144,Device Drivers Software Engineer,https://www.monster.com/jobs/q-device-drivers-software-engineer-jobs.aspx,7.0
145,Director Of Information Technology,https://www.monster.com/jobs/q-director-of-information-technology-jobs.aspx,228.0
146,Director Of Operations,https://www.monster.com/jobs/q-director-of-operations-jobs.aspx,1000.0
147,Director Wireless Operations,https://www.monster.com/jobs/q-director-wireless-operations-jobs.aspx,1.0
148,Dreamweaver Developer,https://www.monster.com/jobs/q-dreamweaver-developer-jobs.aspx,343.0
149,Drupal Developer,https://www.monster.com/jobs/q-drupal-developer-jobs.aspx,197.0
150,E Commerce Manager,https://www.monster.com/jobs/q-e-commerce-manager-jobs.aspx,74.0
151,E-Learning Designer,https://www.monster.com/jobs/q-e-learning-designer-jobs.aspx,9.0
152,Entry Level Information Technology,https://www.monster.com/jobs/q-entry-level-information-technology-jobs.aspx,8.0
153,Entry Level It,https://www.monster.com/jobs/q-entry-level-it-jobs.aspx,173.0
154,Entry Level Java Developer,https://www.monster.com/jobs/q-entry-level-java-developer-jobs.aspx,12.0
155,Entry Level Web Applications Developer,https://www.monster.com/jobs/q-entry-level-web-applications-developer-jobs.aspx,3.0
156,Epic Analyst,https://www.monster.com/jobs/q-epic-analyst-jobs.aspx,109.0
157,Epic Trainer,https://www.monster.com/jobs/q-epic-trainer-jobs.aspx,42.0
158,Equity Analyst,https://www.monster.com/jobs/q-equity-analyst-jobs.aspx,87.0
159,ERP,https://www.monster.com/jobs/q-erp-jobs.aspx,1000.0
160,Ethical Hacking,https://www.monster.com/jobs/q-ethical-hacking-jobs.aspx,1000.0
161,Etl,https://www.monster.com/jobs/q-etl-jobs.aspx,1000.0
162,Excel Developer,https://www.monster.com/jobs/q-excel-developer-jobs.aspx,12.0
163,Excel Vba Developer,https://www.monster.com/jobs/q-excel-vba-developer-jobs.aspx,10.0
164,Field Service Engineer,https://www.monster.com/jobs/q-field-service-engineer-jobs.aspx,1000.0
165,Field Service Technician,https://www.monster.com/jobs/q-field-service-technician-jobs.aspx,1000.0
166,Field Technician,https://www.monster.com/jobs/q-field-technician-jobs.aspx,1000.0
167,Flash Designer,https://www.monster.com/jobs/q-flash-designer-jobs.aspx,3.0
168,Flash Developer,https://www.monster.com/jobs/q-flash-developer-jobs.aspx,7.0
169,Flash Web Design,https://www.monster.com/jobs/q-flash-web-design-jobs.aspx,1.0
170,Flash Web Designer,https://www.monster.com/jobs/q-flash-web-designer-jobs.aspx,403.0
171,Flex Developer,https://www.monster.com/jobs/q-flex-developer-jobs.aspx,10.0
172,Fortran Programmer,https://www.monster.com/jobs/q-fortran-programmer-jobs.aspx,3.0
173,Front-End Developer,https://www.monster.com/jobs/q-front-end-developer-jobs.aspx,1000.0
174,Front-End Web Developer,https://www.monster.com/jobs/q-front-end-web-developer-jobs.aspx,417.0
175,Games,https://www.monster.com/jobs/q-games-jobs.aspx,1000.0
176,Games Developer,https://www.monster.com/jobs/q-games-developer-jobs.aspx,19.0
177,GIS,https://www.monster.com/jobs/q-gis-jobs.aspx,1000.0
178,GIS Developer,https://www.monster.com/jobs/q-gis-developer-jobs.aspx,88.0
179,Graduate Business Analyst,https://www.monster.com/jobs/q-graduate-business-analyst-jobs.aspx,1000.0
180,Graduate Developer,https://www.monster.com/jobs/q-graduate-developer-jobs.aspx,1000.0
181,Graduate IT,https://www.monster.com/jobs/q-graduate-it-jobs.aspx,26.0
182,Graduate Java Developer,https://www.monster.com/jobs/q-graduate-java-developer-jobs.aspx,1.0
183,Graduate programmer,https://www.monster.com/jobs/q-graduate-programmer-jobs.aspx,479.0
184,Graduate Software,https://www.monster.com/jobs/q-graduate-software-jobs.aspx,35.0
185,Graduate Software Developer,https://www.monster.com/jobs/q-graduate-software-developer-jobs.aspx,4.0
186,Graduate Web,https://www.monster.com/jobs/q-graduate-web-jobs.aspx,1000.0
187,Graduate Web Design,https://www.monster.com/jobs/q-graduate-web-design-jobs.aspx,1000.0
188,Graduate Web Designer,https://www.monster.com/jobs/q-graduate-web-designer-jobs.aspx,413.0
189,Graduate Web Developer,https://www.monster.com/jobs/q-graduate-web-developer-jobs.aspx,909.0
190,Graphic And Web Design,https://www.monster.com/jobs/q-graphic-and-web-design-jobs.aspx,1000.0
191,Graphic And Web Designer,https://www.monster.com/jobs/q-graphic-and-web-designer-jobs.aspx,1000.0
192,Graphic Web Design,https://www.monster.com/jobs/q-graphic-web-design-jobs.aspx,39.0
193,Hacking,https://www.monster.com/jobs/q-hacking-jobs.aspx,1000.0
194,Hadoop,https://www.monster.com/jobs/q-hadoop-jobs.aspx,1000.0
195,Hardware Designer,https://www.monster.com/jobs/q-hardware-designer-jobs.aspx,100.0
196,Head Of Development,https://www.monster.com/jobs/q-head-of-development-jobs.aspx,27.0
197,Head Of It,https://www.monster.com/jobs/q-head-of-it-jobs.aspx,86.0
198,Head Of Project Management,https://www.monster.com/jobs/q-head-of-project-management-jobs.aspx,11.0
199,Head Of Security,https://www.monster.com/jobs/q-head-of-security-jobs.aspx,34.0
200,Head Of Testing,https://www.monster.com/jobs/q-head-of-testing-jobs.aspx,7.0
201,Home Agent,https://www.monster.com/jobs/q-home-agent-jobs.aspx,58.0
202,Hris,https://www.monster.com/jobs/q-hris-jobs.aspx,1000.0
203,HTML Developer,https://www.monster.com/jobs/q-html-developer-jobs.aspx,24.0
204,I.T,https://www.monster.com/jobs/q-it-jobs.aspx,1000.0
205,ICT Project Manager,https://www.monster.com/jobs/q-ict-project-manager-jobs.aspx,151.0
206,ICT Technician,https://www.monster.com/jobs/q-ict-technician-jobs.aspx,59.0
207,Igaming,https://www.monster.com/jobs/q-igaming-jobs.aspx,9.0
208,Incident Manager,https://www.monster.com/jobs/q-incident-manager-jobs.aspx,289.0
209,Informatica Developer,https://www.monster.com/jobs/q-informatica-developer-jobs.aspx,233.0
210,Information Manager,https://www.monster.com/jobs/q-information-manager-jobs.aspx,252.0
211,Information Officer,https://www.monster.com/jobs/q-information-officer-jobs.aspx,1000.0
212,Information Security,https://www.monster.com/jobs/q-information-security-jobs.aspx,1000.0
213,Information Security Consultant,https://www.monster.com/jobs/q-information-security-consultant-jobs.aspx,92.0
214,Information Security Manager,https://www.monster.com/jobs/q-information-security-manager-jobs.aspx,726.0
215,Information Systems,https://www.monster.com/jobs/q-information-systems-jobs.aspx,1000.0
216,Information Systems Security,https://www.monster.com/jobs/q-information-systems-security-jobs.aspx,1000.0
217,Information Systems Specialist,https://www.monster.com/jobs/q-information-systems-specialist-jobs.aspx,80.0
218,Infrastructure Manager,https://www.monster.com/jobs/q-infrastructure-manager-jobs.aspx,282.0
219,Insight Analyst,https://www.monster.com/jobs/q-insight-analyst-jobs.aspx,203.0
220,Insurance Business Analyst,https://www.monster.com/jobs/q-insurance-business-analyst-jobs.aspx,6.0
221,Internet Developer,https://www.monster.com/jobs/q-internet-developer-jobs.aspx,1.0
222,Ios Developer,https://www.monster.com/jobs/q-ios-developer-jobs.aspx,602.0
223,Ipad Developer,https://www.monster.com/jobs/q-ipad-developer-jobs.aspx,1.0
224,Iphone Developer,https://www.monster.com/jobs/q-iphone-developer-jobs.aspx,3.0
225,IT Account Manager,https://www.monster.com/jobs/q-it-account-manager-jobs.aspx,15.0
226,IT Administrator,https://www.monster.com/jobs/q-it-administrator-jobs.aspx,375.0
227,IT Analyst,https://www.monster.com/jobs/q-it-analyst-jobs.aspx,556.0
228,It Architect,https://www.monster.com/jobs/q-it-architect-jobs.aspx,441.0
229,It Assistant,https://www.monster.com/jobs/q-it-assistant-jobs.aspx,80.0
230,IT Audit Manager,https://www.monster.com/jobs/q-it-audit-manager-jobs.aspx,121.0
231,IT Auditor,https://www.monster.com/jobs/q-it-auditor-jobs.aspx,724.0
232,IT Business Analyst,https://www.monster.com/jobs/q-it-business-analyst-jobs.aspx,737.0
233,IT Computer,https://www.monster.com/jobs/q-it-computer-jobs.aspx,600.0
234,IT Consultant,https://www.monster.com/jobs/q-it-consultant-jobs.aspx,527.0
235,IT Contract,https://www.monster.com/jobs/q-it-contract-jobs.aspx,363.0
236,IT Developer,https://www.monster.com/jobs/q-it-developer-jobs.aspx,372.0
237,IT Director,https://www.monster.com/jobs/q-it-director-jobs.aspx,681.0
238,IT Engineer,https://www.monster.com/jobs/q-it-engineer-jobs.aspx,462.0
239,IT Entry Level,https://www.monster.com/jobs/q-it-entry-level-jobs.aspx,6.0
240,IT Graduate,https://www.monster.com/jobs/q-it-graduate-jobs.aspx,12.0
241,IT Hardware,https://www.monster.com/jobs/q-it-hardware-jobs.aspx,1000.0
242,IT Help Desk,https://www.monster.com/jobs/q-it-help-desk-jobs.aspx,923.0
243,IT Help Desk Clerk,https://www.monster.com/jobs/q-it-help-desk-clerk-jobs.aspx,7.0
244,IT Helpdesk,https://www.monster.com/jobs/q-it-helpdesk-jobs.aspx,354.0
245,IT Instructor,https://www.monster.com/jobs/q-it-instructor-jobs.aspx,17.0
246,IT Management,https://www.monster.com/jobs/q-it-management-jobs.aspx,1000.0
247,IT Manager,https://www.monster.com/jobs/q-it-manager-jobs.aspx,1000.0
248,IT Networking,https://www.monster.com/jobs/q-it-networking-jobs.aspx,1000.0
249,IT Operations Manager,https://www.monster.com/jobs/q-it-operations-manager-jobs.aspx,127.0
250,IT Operations Support Analyst,https://www.monster.com/jobs/q-it-operations-support-analyst-jobs.aspx,11.0
251,IT Operator,https://www.monster.com/jobs/q-it-operator-jobs.aspx,27.0
252,IT Part Time,https://www.monster.com/jobs/q-it-part-time-jobs.aspx,73.0
253,IT Recruiter,https://www.monster.com/jobs/q-it-recruiter-jobs.aspx,1000.0
254,IT Sales Manager,https://www.monster.com/jobs/q-it-sales-manager-jobs.aspx,1.0
255,It Security,https://www.monster.com/jobs/q-it-security-jobs.aspx,1000.0
256,It Security And Ethical Hacking,https://www.monster.com/jobs/q-it-security-and-ethical-hacking-jobs.aspx,712.0
257,It Security Consultant,https://www.monster.com/jobs/q-it-security-consultant-jobs.aspx,14.0
258,IT Software,https://www.monster.com/jobs/q-it-software-jobs.aspx,1000.0
259,IT Specialist,https://www.monster.com/jobs/q-it-specialist-jobs.aspx,1000.0
260,IT Strategy Consultant,https://www.monster.com/jobs/q-it-strategy-consultant-jobs.aspx,9.0
261,IT Support,https://www.monster.com/jobs/q-it-support-jobs.aspx,1000.0
262,IT Support Analyst,https://www.monster.com/jobs/q-it-support-analyst-jobs.aspx,187.0
263,IT Support Engineer,https://www.monster.com/jobs/q-it-support-engineer-jobs.aspx,118.0
264,IT Support Specialist,https://www.monster.com/jobs/q-it-support-specialist-jobs.aspx,415.0
265,IT Support Technician,https://www.monster.com/jobs/q-it-support-technician-jobs.aspx,286.0
266,IT System Manager,https://www.monster.com/jobs/q-it-system-manager-jobs.aspx,28.0
267,IT Systems Engineer,https://www.monster.com/jobs/q-it-systems-engineer-jobs.aspx,219.0
268,IT Technician,https://www.monster.com/jobs/q-it-technician-jobs.aspx,419.0
269,IT Trainee,https://www.monster.com/jobs/q-it-trainee-jobs.aspx,8.0
270,IT Trainer,https://www.monster.com/jobs/q-it-trainer-jobs.aspx,79.0
271,Itil Manager,https://www.monster.com/jobs/q-itil-manager-jobs.aspx,12.0
272,J.D. Edwards Architect,https://www.monster.com/jobs/q-jd-edwards-architect-jobs.aspx,2.0
273,J.D. Edwards Integration Engineer,https://www.monster.com/jobs/q-jd-edwards-integration-engineer-jobs.aspx,1000.0
274,J.D. Edwards Pre-Sales Technical Consultant,https://www.monster.com/jobs/q-jd-edwards-pre-sales-technical-consultant-jobs.aspx,1000.0
275,J.D. Edwards System Administrator,https://www.monster.com/jobs/q-jd-edwards-system-administrator-jobs.aspx,3.0
276,J2EE Architect,https://www.monster.com/jobs/q-j2ee-architect-jobs.aspx,41.0
277,J2EE Developer,https://www.monster.com/jobs/q-j2ee-developer-jobs.aspx,509.0
278,J2EE Software Engineer,https://www.monster.com/jobs/q-j2ee-software-engineer-jobs.aspx,70.0
279,J2ME Consultant,https://www.monster.com/jobs/q-j2me-consultant-jobs.aspx,4.0
280,Java,https://www.monster.com/jobs/q-java-jobs.aspx,1000.0
281,Java Application Developer,https://www.monster.com/jobs/q-java-application-developer-jobs.aspx,159.0
282,Java Architect,https://www.monster.com/jobs/q-java-architect-jobs.aspx,209.0
283,Java Developer,https://www.monster.com/jobs/q-java-developer-jobs.aspx,1000.0
284,Java Developer Entry Level,https://www.monster.com/jobs/q-java-developer-entry-level-jobs.aspx,9.0
285,Java J2ee Developer,https://www.monster.com/jobs/q-java-j2ee-developer-jobs.aspx,399.0
286,Java Programmer,https://www.monster.com/jobs/q-java-programmer-jobs.aspx,201.0
287,Java Server Engineer,https://www.monster.com/jobs/q-java-server-engineer-jobs.aspx,1.0
288,Java Software Developer,https://www.monster.com/jobs/q-java-software-developer-jobs.aspx,167.0
289,Java Software Engineer,https://www.monster.com/jobs/q-java-software-engineer-jobs.aspx,590.0
290,Java Swing Developer,https://www.monster.com/jobs/q-java-swing-developer-jobs.aspx,3.0
291,Java Team Lead,https://www.monster.com/jobs/q-java-team-lead-jobs.aspx,14.0
292,Java Web Developer,https://www.monster.com/jobs/q-java-web-developer-jobs.aspx,257.0
293,Java Websphere Developer,https://www.monster.com/jobs/q-java-websphere-developer-jobs.aspx,5.0
294,Junior Consultant,https://www.monster.com/jobs/q-junior-consultant-jobs.aspx,228.0
295,Junior Data Analyst,https://www.monster.com/jobs/q-junior-data-analyst-jobs.aspx,50.0
296,Junior Dba,https://www.monster.com/jobs/q-junior-dba-jobs.aspx,37.0
297,Junior Flash Designer,https://www.monster.com/jobs/q-junior-flash-designer-jobs.aspx,61.0
298,Junior Java Developer,https://www.monster.com/jobs/q-junior-java-developer-jobs.aspx,92.0
299,Junior Php Developer,https://www.monster.com/jobs/q-junior-php-developer-jobs.aspx,7.0
300,Junior Project Manager,https://www.monster.com/jobs/q-junior-project-manager-jobs.aspx,227.0
301,Junior Software Developer,https://www.monster.com/jobs/q-junior-software-developer-jobs.aspx,195.0
302,Junior Test Analyst,https://www.monster.com/jobs/q-junior-test-analyst-jobs.aspx,3.0
303,Junior Tester,https://www.monster.com/jobs/q-junior-tester-jobs.aspx,52.0
304,Junior Web Designer,https://www.monster.com/jobs/q-junior-web-designer-jobs.aspx,7.0
305,Junior Web Developer,https://www.monster.com/jobs/q-junior-web-developer-jobs.aspx,42.0
306,Knowledge Engineer,https://www.monster.com/jobs/q-knowledge-engineer-jobs.aspx,27.0
307,Kronos Implementation,https://www.monster.com/jobs/q-kronos-implementation-jobs.aspx,18.0
308,Kronos Programmer,https://www.monster.com/jobs/q-kronos-programmer-jobs.aspx,14.0
309,Kronos Systems Administrator,https://www.monster.com/jobs/q-kronos-systems-administrator-jobs.aspx,1.0
310,Kronos Workforce Timekeeper Engineer,https://www.monster.com/jobs/q-kronos-workforce-timekeeper-engineer-jobs.aspx,1.0
311,LAN Administrator,https://www.monster.com/jobs/q-lan-administrator-jobs.aspx,77.0
312,LAN Analyst,https://www.monster.com/jobs/q-lan-analyst-jobs.aspx,6.0
313,Lawson System Administrator,https://www.monster.com/jobs/q-lawson-system-administrator-jobs.aspx,2.0
314,Lead Accountant,https://www.monster.com/jobs/q-lead-accountant-jobs.aspx,62.0
315,Lead Applications Engineer,https://www.monster.com/jobs/q-lead-applications-engineer-jobs.aspx,16.0
316,Lead Baan Integration Engineer,https://www.monster.com/jobs/q-lead-baan-integration-engineer-jobs.aspx,5.0
317,Lead Data Conversion Consultant,https://www.monster.com/jobs/q-lead-data-conversion-consultant-jobs.aspx,752.0
318,Lead Data Delivery Engineer,https://www.monster.com/jobs/q-lead-data-delivery-engineer-jobs.aspx,1000.0
319,Lead Data Integration Developer,https://www.monster.com/jobs/q-lead-data-integration-developer-jobs.aspx,2.0
320,Lead Data Modeler,https://www.monster.com/jobs/q-lead-data-modeler-jobs.aspx,37.0
321,Lead Data Warehouse Developer,https://www.monster.com/jobs/q-lead-data-warehouse-developer-jobs.aspx,3.0
322,Lead Developer,https://www.monster.com/jobs/q-lead-developer-jobs.aspx,1000.0
323,Lead E-Commerce Architect,https://www.monster.com/jobs/q-lead-e-commerce-architect-jobs.aspx,435.0
324,Lead E-Commerce Functional Architect,https://www.monster.com/jobs/q-lead-e-commerce-functional-architect-jobs.aspx,247.0
325,Lead E-Commerce Integration Consultant,https://www.monster.com/jobs/q-lead-e-commerce-integration-consultant-jobs.aspx,147.0
326,Lead E-Commerce Intelligence Consultant,https://www.monster.com/jobs/q-lead-e-commerce-intelligence-consultant-jobs.aspx,96.0
327,Lead ERP Architect,https://www.monster.com/jobs/q-lead-erp-architect-jobs.aspx,939.0
328,Lead ERP Integration Engineer,https://www.monster.com/jobs/q-lead-erp-integration-engineer-jobs.aspx,508.0
329,Lead Network Consultant,https://www.monster.com/jobs/q-lead-network-consultant-jobs.aspx,2.0
330,Lead Network Design Engineer,https://www.monster.com/jobs/q-lead-network-design-engineer-jobs.aspx,3.0
331,Lead Network Infrastructure Engineer,https://www.monster.com/jobs/q-lead-network-infrastructure-engineer-jobs.aspx,1000.0
332,Lead Network Infrastructure Technician,https://www.monster.com/jobs/q-lead-network-infrastructure-technician-jobs.aspx,853.0
333,Lead Network Integration Consultant,https://www.monster.com/jobs/q-lead-network-integration-consultant-jobs.aspx,1000.0
334,Lead Oracle Architect,https://www.monster.com/jobs/q-lead-oracle-architect-jobs.aspx,1000.0
335,Lead Oracle Integration Engineer,https://www.monster.com/jobs/q-lead-oracle-integration-engineer-jobs.aspx,1000.0
336,Lead Peoplesoft Architect,https://www.monster.com/jobs/q-lead-peoplesoft-architect-jobs.aspx,221.0
337,Lead Peoplesoft Integration Engineer,https://www.monster.com/jobs/q-lead-peoplesoft-integration-engineer-jobs.aspx,104.0
338,Lead Product Applications Engineer,https://www.monster.com/jobs/q-lead-product-applications-engineer-jobs.aspx,1000.0
339,Lead Product Integration Consultant,https://www.monster.com/jobs/q-lead-product-integration-consultant-jobs.aspx,1000.0
340,Lead Programmer Analyst,https://www.monster.com/jobs/q-lead-programmer-analyst-jobs.aspx,42.0
341,Lead Programmer Analyst - Consulting,https://www.monster.com/jobs/q-lead-programmer-analyst-consulting-jobs.aspx,185.0
342,Lead SAN Integration Consultant,https://www.monster.com/jobs/q-lead-san-integration-consultant-jobs.aspx,429.0
343,Lead SAP Architect,https://www.monster.com/jobs/q-lead-sap-architect-jobs.aspx,1000.0
344,Lead SAP Integration Engineer,https://www.monster.com/jobs/q-lead-sap-integration-engineer-jobs.aspx,609.0
345,Lead Siebel Integration Engineer,https://www.monster.com/jobs/q-lead-siebel-integration-engineer-jobs.aspx,33.0
346,Lead Software Engineer,https://www.monster.com/jobs/q-lead-software-engineer-jobs.aspx,794.0
347,Lead Software Quality Assurance Engineer,https://www.monster.com/jobs/q-lead-software-quality-assurance-engineer-jobs.aspx,2.0
348,Lead Technical Integration Consultant,https://www.monster.com/jobs/q-lead-technical-integration-consultant-jobs.aspx,1000.0
349,Lead Technical Support Engineer,https://www.monster.com/jobs/q-lead-technical-support-engineer-jobs.aspx,7.0
350,Linux,https://www.monster.com/jobs/q-linux-jobs.aspx,1000.0
351,Linux Administrator,https://www.monster.com/jobs/q-linux-administrator-jobs.aspx,346.0
352,Linux Driver Engineer,https://www.monster.com/jobs/q-linux-driver-engineer-jobs.aspx,4.0
353,Linux Specialist,https://www.monster.com/jobs/q-linux-specialist-jobs.aspx,4.0
354,Linux Systems Administrator,https://www.monster.com/jobs/q-linux-systems-administrator-jobs.aspx,711.0
355,Linux Technical Consultant,https://www.monster.com/jobs/q-linux-technical-consultant-jobs.aspx,1000.0
356,Lisp Programmer,https://www.monster.com/jobs/q-lisp-programmer-jobs.aspx,5.0
357,Lotus,https://www.monster.com/jobs/q-lotus-jobs.aspx,1000.0
358,Lotus Notes Administrator,https://www.monster.com/jobs/q-lotus-notes-administrator-jobs.aspx,7.0
359,Lotus Notes Developer,https://www.monster.com/jobs/q-lotus-notes-developer-jobs.aspx,7.0
360,Macromedia Director Developer,https://www.monster.com/jobs/q-macromedia-director-developer-jobs.aspx,1.0
361,Mainframe,https://www.monster.com/jobs/q-mainframe-jobs.aspx,1000.0
362,Mainframe Developer,https://www.monster.com/jobs/q-mainframe-developer-jobs.aspx,224.0
363,Mainframe Specialist,https://www.monster.com/jobs/q-mainframe-specialist-jobs.aspx,7.0
364,Major Incident Manager,https://www.monster.com/jobs/q-major-incident-manager-jobs.aspx,38.0
365,Management Information Systems,https://www.monster.com/jobs/q-management-information-systems-jobs.aspx,1000.0
366,Manual Tester,https://www.monster.com/jobs/q-manual-tester-jobs.aspx,133.0
367,Maximo,https://www.monster.com/jobs/q-maximo-jobs.aspx,1000.0
368,MCSE,https://www.monster.com/jobs/q-mcse-jobs.aspx,1000.0
369,Media Library Specialist,https://www.monster.com/jobs/q-media-library-specialist-jobs.aspx,549.0
370,Media Technician,https://www.monster.com/jobs/q-media-technician-jobs.aspx,42.0
371,Mi Analyst,https://www.monster.com/jobs/q-mi-analyst-jobs.aspx,1.0
372,Microsoft Certified Systems Engineer,https://www.monster.com/jobs/q-microsoft-certified-systems-engineer-jobs.aspx,404.0
373,Microstrategy,https://www.monster.com/jobs/q-microstrategy-jobs.aspx,1000.0
374,Microsystems Analyst,https://www.monster.com/jobs/q-microsystems-analyst-jobs.aspx,4.0
375,Microsystems Manager,https://www.monster.com/jobs/q-microsystems-manager-jobs.aspx,81.0
376,Middleware,https://www.monster.com/jobs/q-middleware-jobs.aspx,1000.0
377,MIS,https://www.monster.com/jobs/q-mis-jobs.aspx,1000.0
378,Mitel Engineer,https://www.monster.com/jobs/q-mitel-engineer-jobs.aspx,32.0
379,Mobile Application Developer,https://www.monster.com/jobs/q-mobile-application-developer-jobs.aspx,248.0
380,Mobile Cell Phone Application Developer,https://www.monster.com/jobs/q-mobile-cell-phone-application-developer-jobs.aspx,35.0
381,Mobile Developer,https://www.monster.com/jobs/q-mobile-developer-jobs.aspx,726.0
382,Mobile Software Developer,https://www.monster.com/jobs/q-mobile-software-developer-jobs.aspx,49.0
383,MS Access and Visual Basic Â Database Developer,https://www.monster.com/jobs/q-ms-access-visual-basic-database-developer-jobs.aspx,67.0
384,MS Access Database Developer,https://www.monster.com/jobs/q-ms-access-database-developer-jobs.aspx,5.0
385,Network Admin,https://www.monster.com/jobs/q-network-admin-jobs.aspx,225.0
386,Network Administration,https://www.monster.com/jobs/q-network-administration-jobs.aspx,1000.0
387,Network Administrator,https://www.monster.com/jobs/q-network-administrator-jobs.aspx,1000.0
388,Network Analyst,https://www.monster.com/jobs/q-network-analyst-jobs.aspx,641.0
389,Network and Computer Systems Administrators,https://www.monster.com/jobs/q-network-computer-systems-administrators-jobs.aspx,1000.0
390,Network Architect,https://www.monster.com/jobs/q-network-architect-jobs.aspx,606.0
391,Network Console Operator,https://www.monster.com/jobs/q-network-console-operator-jobs.aspx,184.0
392,Network Consultant,https://www.monster.com/jobs/q-network-consultant-jobs.aspx,166.0
393,Network Control Operator,https://www.monster.com/jobs/q-network-control-operator-jobs.aspx,11.0
394,Network Design Engineer,https://www.monster.com/jobs/q-network-design-engineer-jobs.aspx,58.0
395,Network Engineer,https://www.monster.com/jobs/q-network-engineer-jobs.aspx,1000.0
396,Network Engineering Manager,https://www.monster.com/jobs/q-network-engineering-manager-jobs.aspx,56.0
397,Network Firewall Security Analyst,https://www.monster.com/jobs/q-network-firewall-security-analyst-jobs.aspx,2.0
398,Network Infrastructure Account Executive,https://www.monster.com/jobs/q-network-infrastructure-account-executive-jobs.aspx,1000.0
399,Network Infrastructure Engineer,https://www.monster.com/jobs/q-network-infrastructure-engineer-jobs.aspx,46.0
400,Network Infrastructure Technician,https://www.monster.com/jobs/q-network-infrastructure-technician-jobs.aspx,4.0
401,Network Integration Consultant,https://www.monster.com/jobs/q-network-integration-consultant-jobs.aspx,1000.0
402,Network Manager,https://www.monster.com/jobs/q-network-manager-jobs.aspx,456.0
403,Network Operations Manager,https://www.monster.com/jobs/q-network-operations-manager-jobs.aspx,69.0
404,Network Scientist,https://www.monster.com/jobs/q-network-scientist-jobs.aspx,1000.0
405,Network Security and Fraud Management Director,https://www.monster.com/jobs/q-network-security-fraud-management-director-jobs.aspx,166.0
406,Network Security Engineer,https://www.monster.com/jobs/q-network-security-engineer-jobs.aspx,579.0
407,Network Solutions Account Executive,https://www.monster.com/jobs/q-network-solutions-account-executive-jobs.aspx,1000.0
408,Network Specialist,https://www.monster.com/jobs/q-network-specialist-jobs.aspx,370.0
409,Network Support Engineer,https://www.monster.com/jobs/q-network-support-engineer-jobs.aspx,79.0
410,Network Support Specialist,https://www.monster.com/jobs/q-network-support-specialist-jobs.aspx,37.0
411,Network System Administrator,https://www.monster.com/jobs/q-network-system-administrator-jobs.aspx,223.0
412,Network Systems Analyst,https://www.monster.com/jobs/q-network-systems-analyst-jobs.aspx,41.0
413,Network Systems and Data Communications Analysts,https://www.monster.com/jobs/q-network-systems-data-communications-analysts-jobs.aspx,1000.0
414,Network Technician,https://www.monster.com/jobs/q-network-technician-jobs.aspx,613.0
415,Networking Instructor,https://www.monster.com/jobs/q-networking-instructor-jobs.aspx,17.0
416,New Media,https://www.monster.com/jobs/q-new-media-jobs.aspx,1000.0
417,NOC,https://www.monster.com/jobs/q-noc-jobs.aspx,1000.0
418,NOC Manager,https://www.monster.com/jobs/q-noc-manager-jobs.aspx,56.0
419,Novell Network System Administrator,https://www.monster.com/jobs/q-novell-network-system-administrator-jobs.aspx,36.0
420,Novell System Administrator - Network,https://www.monster.com/jobs/q-novell-system-administrator-network-jobs.aspx,36.0
421,NT Network Administrator,https://www.monster.com/jobs/q-nt-network-administrator-jobs.aspx,124.0
422,NT Systems Administrator,https://www.monster.com/jobs/q-nt-systems-administrator-jobs.aspx,1.0
423,Numerical Tool and Process Control Programmer,https://www.monster.com/jobs/q-numerical-tool-process-control-programmer-jobs.aspx,82.0
424,Operations Systems and Product Manager,https://www.monster.com/jobs/q-operations-systems-product-manager-jobs.aspx,1000.0
425,Optical Sub-Systems Engineer,https://www.monster.com/jobs/q-optical-sub-systems-engineer-jobs.aspx,239.0
426,Optical Sub-Systems Technician,https://www.monster.com/jobs/q-optical-sub-systems-technician-jobs.aspx,62.0
427,Optical Systems Technician,https://www.monster.com/jobs/q-optical-systems-technician-jobs.aspx,1000.0
428,Oracle Applications Programmer,https://www.monster.com/jobs/q-oracle-applications-programmer-jobs.aspx,1.0
429,Oracle Architect,https://www.monster.com/jobs/q-oracle-architect-jobs.aspx,29.0
430,Oracle Consultant,https://www.monster.com/jobs/q-oracle-consultant-jobs.aspx,102.0
431,Oracle Database Administrator,https://www.monster.com/jobs/q-oracle-database-administrator-jobs.aspx,901.0
432,Oracle Database Architect,https://www.monster.com/jobs/q-oracle-database-architect-jobs.aspx,17.0
433,Oracle DBA,https://www.monster.com/jobs/q-oracle-dba-jobs.aspx,940.0
434,Oracle Developer,https://www.monster.com/jobs/q-oracle-developer-jobs.aspx,307.0
435,Oracle Integration Engineer,https://www.monster.com/jobs/q-oracle-integration-engineer-jobs.aspx,1.0
436,Oracle Pl Sql Developer,https://www.monster.com/jobs/q-oracle-pl-sql-developer-jobs.aspx,170.0
437,Oracle Pre-Sales Technical Consultant,https://www.monster.com/jobs/q-oracle-pre-sales-technical-consultant-jobs.aspx,330.0
438,Oracle System Administrator,https://www.monster.com/jobs/q-oracle-system-administrator-jobs.aspx,3.0
439,Pacs,https://www.monster.com/jobs/q-pacs-jobs.aspx,1000.0
440,Pacs Administrator,https://www.monster.com/jobs/q-pacs-administrator-jobs.aspx,112.0
441,Payroll Consultant,https://www.monster.com/jobs/q-payroll-consultant-jobs.aspx,77.0
442,Pc Support,https://www.monster.com/jobs/q-pc-support-jobs.aspx,460.0
443,Penetration Tester,https://www.monster.com/jobs/q-penetration-tester-jobs.aspx,477.0
444,Peoplesoft Developer,https://www.monster.com/jobs/q-peoplesoft-developer-jobs.aspx,112.0
445,Performance Tester,https://www.monster.com/jobs/q-performance-tester-jobs.aspx,169.0
446,Perl Developer,https://www.monster.com/jobs/q-perl-developer-jobs.aspx,39.0
447,Php,https://www.monster.com/jobs/q-php-jobs.aspx,1000.0
448,PHP Developer,https://www.monster.com/jobs/q-php-developer-jobs.aspx,328.0
449,Pl/Sql Developer,https://www.monster.com/jobs/q-pl-sql-developer-jobs.aspx,418.0
450,Pmo Analyst,https://www.monster.com/jobs/q-pmo-analyst-jobs.aspx,75.0
451,Pmo Manager,https://www.monster.com/jobs/q-pmo-manager-jobs.aspx,152.0
452,Point of Sale Software & Hardware Support,https://www.monster.com/jobs/q-point-of-sale-software-hardware-support-jobs.aspx,495.0
453,Powerbuilder Developer,https://www.monster.com/jobs/q-powerbuilder-developer-jobs.aspx,32.0
454,Pre Sales Consultant,https://www.monster.com/jobs/q-pre-sales-consultant-jobs.aspx,92.0
455,Prince2 Project Manager,https://www.monster.com/jobs/q-prince2-project-manager-jobs.aspx,194.0
456,Principal Software Engineer,https://www.monster.com/jobs/q-principal-software-engineer-jobs.aspx,1000.0
457,Principal Systems Engineer,https://www.monster.com/jobs/q-principal-systems-engineer-jobs.aspx,464.0
458,Process Analyst For Information Systems,https://www.monster.com/jobs/q-process-analyst-for-information-systems-jobs.aspx,1000.0
459,Product Applications Engineer,https://www.monster.com/jobs/q-product-applications-engineer-jobs.aspx,54.0
460,Product Development Engineer,https://www.monster.com/jobs/q-product-development-engineer-jobs.aspx,570.0
461,program Director,https://www.monster.com/jobs/q-program-director-jobs.aspx,1000.0
462,program Test Manager,https://www.monster.com/jobs/q-program-test-manager-jobs.aspx,1.0
463,Programmer,https://www.monster.com/jobs/q-programmer-jobs.aspx,1000.0
464,Programmer Analyst,https://www.monster.com/jobs/q-programmer-analyst-jobs.aspx,1000.0
465,Programmer Analyst Consulting,https://www.monster.com/jobs/q-programmer-analyst-consulting-jobs.aspx,694.0
466,Programming,https://www.monster.com/jobs/q-programming-jobs.aspx,1000.0
467,Progress Developer,https://www.monster.com/jobs/q-progress-developer-jobs.aspx,7.0
468,Project Management Officer,https://www.monster.com/jobs/q-project-management-officer-jobs.aspx,24.0
469,Project Planner,https://www.monster.com/jobs/q-project-planner-jobs.aspx,288.0
470,Python,https://www.monster.com/jobs/q-python-jobs.aspx,1000.0
471,Python Developer,https://www.monster.com/jobs/q-python-developer-jobs.aspx,447.0
472,Quality Assurance,https://www.monster.com/jobs/q-quality-assurance-jobs.aspx,1000.0
473,Quality Assurance Analyst,https://www.monster.com/jobs/q-quality-assurance-analyst-jobs.aspx,1000.0
474,Quality Assurance Associate,https://www.monster.com/jobs/q-quality-assurance-associate-jobs.aspx,478.0
475,Quality Assurance Compliance Manager,https://www.monster.com/jobs/q-quality-assurance-compliance-manager-jobs.aspx,6.0
476,Quality Assurance Compliance Specialist,https://www.monster.com/jobs/q-quality-assurance-compliance-specialist-jobs.aspx,10.0
477,Quality Assurance Director,https://www.monster.com/jobs/q-quality-assurance-director-jobs.aspx,75.0
478,Quality Assurance Engineer,https://www.monster.com/jobs/q-quality-assurance-engineer-jobs.aspx,1000.0
479,Quality Assurance Manager,https://www.monster.com/jobs/q-quality-assurance-manager-jobs.aspx,1000.0
480,Quality Assurance Networking Test Engineer,https://www.monster.com/jobs/q-quality-assurance-networking-test-engineer-jobs.aspx,1000.0
481,Quality Assurance Specialist,https://www.monster.com/jobs/q-quality-assurance-specialist-jobs.aspx,
482,Quality Assurance Supervisor,https://www.monster.com/jobs/q-quality-assurance-supervisor-jobs.aspx,348.0
483,Quality Assurance Technician,https://www.monster.com/jobs/q-quality-assurance-technician-jobs.aspx,515.0
484,Quality Assurance Tester,https://www.monster.com/jobs/q-quality-assurance-tester-jobs.aspx,292.0
485,Release Management,https://www.monster.com/jobs/q-release-management-jobs.aspx,1000.0
486,Reliance Communications,https://www.monster.com/jobs/q-reliance-communications-jobs.aspx,226.0
487,Remote Coding,https://www.monster.com/jobs/q-remote-coding-jobs.aspx,68.0
488,Remote IT,https://www.monster.com/jobs/q-remote-it-jobs.aspx,79.0
489,Risk Consultant,https://www.monster.com/jobs/q-risk-consultant-jobs.aspx,141.0
490,Rpg,https://www.monster.com/jobs/q-rpg-jobs.aspx,464.0
491,Rpg programmer,https://www.monster.com/jobs/q-rpg-programmer-jobs.aspx,27.0
492,Ruby On Rails,https://www.monster.com/jobs/q-ruby-on-rails-jobs.aspx,1000.0
493,Ruby On Rails Developer,https://www.monster.com/jobs/q-ruby-on-rails-developer-jobs.aspx,169.0
494,SAN Integration Consultant,https://www.monster.com/jobs/q-san-integration-consultant-jobs.aspx,1000.0
495,SAP Administrator,https://www.monster.com/jobs/q-sap-administrator-jobs.aspx,10.0
496,Sap Analyst,https://www.monster.com/jobs/q-sap-analyst-jobs.aspx,82.0
497,SAP Architect,https://www.monster.com/jobs/q-sap-architect-jobs.aspx,38.0
498,SAP Business Analyst,https://www.monster.com/jobs/q-sap-business-analyst-jobs.aspx,92.0
499,SAP Consultant,https://www.monster.com/jobs/q-sap-consultant-jobs.aspx,140.0
500,SAP Developer,https://www.monster.com/jobs/q-sap-developer-jobs.aspx,81.0
501,SAP HR,https://www.monster.com/jobs/q-sap-hr-jobs.aspx,211.0
502,SAP Integration Engineer,https://www.monster.com/jobs/q-sap-integration-engineer-jobs.aspx,1000.0
503,Sap Manager,https://www.monster.com/jobs/q-sap-manager-jobs.aspx,24.0
504,SAP Pre-Sales Technical Consultant,https://www.monster.com/jobs/q-sap-pre-sales-technical-consultant-jobs.aspx,101.0
505,SAP Project Manager,https://www.monster.com/jobs/q-sap-project-manager-jobs.aspx,44.0
506,Sap Security,https://www.monster.com/jobs/q-sap-security-jobs.aspx,329.0
507,Sap Support,https://www.monster.com/jobs/q-sap-support-jobs.aspx,276.0
508,SAP System Administrator,https://www.monster.com/jobs/q-sap-system-administrator-jobs.aspx,11.0
509,Sas Analyst,https://www.monster.com/jobs/q-sas-analyst-jobs.aspx,22.0
510,SAS Programmer,https://www.monster.com/jobs/q-sas-programmer-jobs.aspx,329.0
511,Search Engine Optimization Analyst,https://www.monster.com/jobs/q-search-engine-optimization-analyst-jobs.aspx,8.0
512,Search Engine Optimization Developer,https://www.monster.com/jobs/q-search-engine-optimization-developer-jobs.aspx,3.0
513,Search Engine Optimization Director,https://www.monster.com/jobs/q-search-engine-optimization-director-jobs.aspx,2.0
514,Search Engine Optimization Engineer,https://www.monster.com/jobs/q-search-engine-optimization-engineer-jobs.aspx,683.0
515,Search Engine Optimization Manager,https://www.monster.com/jobs/q-search-engine-optimization-manager-jobs.aspx,33.0
516,Search Engine Optimization Specialist,https://www.monster.com/jobs/q-search-engine-optimization-specialist-jobs.aspx,21.0
517,Security Architect,https://www.monster.com/jobs/q-security-architect-jobs.aspx,1000.0
518,Senior Android Developer,https://www.monster.com/jobs/q-senior-android-developer-jobs.aspx,104.0
519,Senior Applications Engineer,https://www.monster.com/jobs/q-senior-applications-engineer-jobs.aspx,179.0
520,Senior ASIC Design Engineer,https://www.monster.com/jobs/q-senior-asic-design-engineer-jobs.aspx,8.0
521,Senior ASP Developer,https://www.monster.com/jobs/q-senior-asp-developer-jobs.aspx,1000.0
522,Senior Baan Architect,https://www.monster.com/jobs/q-senior-baan-architect-jobs.aspx,1000.0
523,Senior Baan Integration Engineer,https://www.monster.com/jobs/q-senior-baan-integration-engineer-jobs.aspx,4.0
524,Senior Baan Pre Sales Technical Consultant,https://www.monster.com/jobs/q-senior-baan-pre-sales-technical-consultant-jobs.aspx,1000.0
525,Senior Business Analyst,https://www.monster.com/jobs/q-senior-business-analyst-jobs.aspx,1000.0
526,Senior Computer Operator,https://www.monster.com/jobs/q-senior-computer-operator-jobs.aspx,7.0
527,Senior Data Conversion Consultant,https://www.monster.com/jobs/q-senior-data-conversion-consultant-jobs.aspx,642.0
528,Senior Data Delivery Engineer,https://www.monster.com/jobs/q-senior-data-delivery-engineer-jobs.aspx,1000.0
529,Senior Data Integration Developer,https://www.monster.com/jobs/q-senior-data-integration-developer-jobs.aspx,5.0
530,Senior Data Modeler,https://www.monster.com/jobs/q-senior-data-modeler-jobs.aspx,30.0
531,Senior Data Warehouse Business Consultant,https://www.monster.com/jobs/q-senior-data-warehouse-business-consultant-jobs.aspx,949.0
532,Senior Data Warehouse Developer,https://www.monster.com/jobs/q-senior-data-warehouse-developer-jobs.aspx,39.0
533,Senior Data Warehouse Information Architect,https://www.monster.com/jobs/q-senior-data-warehouse-information-architect-jobs.aspx,953.0
534,Senior Data Warehouse Technical Consultant,https://www.monster.com/jobs/q-senior-data-warehouse-technical-consultant-jobs.aspx,740.0
535,Senior Database Administrator,https://www.monster.com/jobs/q-senior-database-administrator-jobs.aspx,394.0
536,Senior Desktop Technical Analyst,https://www.monster.com/jobs/q-senior-desktop-technical-analyst-jobs.aspx,2.0
537,Senior Digital Strategist,https://www.monster.com/jobs/q-senior-digital-strategist-jobs.aspx,
538,Senior E Commerce Architect,https://www.monster.com/jobs/q-senior-e-commerce-architect-jobs.aspx,455.0
539,Senior E Commerce Functional Architect,https://www.monster.com/jobs/q-senior-e-commerce-functional-architect-jobs.aspx,226.0
540,Senior E Commerce Integration Consultant,https://www.monster.com/jobs/q-senior-e-commerce-integration-consultant-jobs.aspx,215.0
541,Senior E Commerce Intelligence Consultant,https://www.monster.com/jobs/q-senior-e-commerce-intelligence-consultant-jobs.aspx,112.0
542,Senior E-Commerce Applications Sales Engineer,https://www.monster.com/jobs/q-senior-e-commerce-applications-sales-engineer-jobs.aspx,48.0
543,Senior E-Commerce Pre-Sales Technical Consultant,https://www.monster.com/jobs/q-senior-e-commerce-pre-sales-technical-consultant-jobs.aspx,7.0
544,Senior E-Commerce Sales Technical Engineer,https://www.monster.com/jobs/q-senior-e-commerce-sales-technical-engineer-jobs.aspx,46.0
545,Senior ERP Architect,https://www.monster.com/jobs/q-senior-erp-architect-jobs.aspx,674.0
546,Senior ERP Business Systems Analyst,https://www.monster.com/jobs/q-senior-erp-business-systems-analyst-jobs.aspx,2.0
547,Senior ERP Integration Engineer,https://www.monster.com/jobs/q-senior-erp-integration-engineer-jobs.aspx,412.0
548,Senior ERP Module Integration Engineer,https://www.monster.com/jobs/q-senior-erp-module-integration-engineer-jobs.aspx,56.0
549,Senior ERP Pre Sales Technical Consultant,https://www.monster.com/jobs/q-senior-erp-pre-sales-technical-consultant-jobs.aspx,64.0
550,Senior Hardware Engineer,https://www.monster.com/jobs/q-senior-hardware-engineer-jobs.aspx,61.0
551,Senior Information Architect,https://www.monster.com/jobs/q-senior-information-architect-jobs.aspx,8.0
552,Senior Information Technology Auditor,https://www.monster.com/jobs/q-senior-information-technology-auditor-jobs.aspx,11.0
553,Senior Infrastructure Architect,https://www.monster.com/jobs/q-senior-infrastructure-architect-jobs.aspx,22.0
554,Senior Iphone Developer,https://www.monster.com/jobs/q-senior-iphone-developer-jobs.aspx,146.0
555,Senior Lawson Architect,https://www.monster.com/jobs/q-senior-lawson-architect-jobs.aspx,42.0
556,Senior Lawson Pre Sales Technical Consultant,https://www.monster.com/jobs/q-senior-lawson-pre-sales-technical-consultant-jobs.aspx,
557,Senior Manager,https://www.monster.com/jobs/q-senior-manager-jobs.aspx,1000.0
558,Senior Mobile Software Developer,https://www.monster.com/jobs/q-senior-mobile-software-developer-jobs.aspx,2.0
559,Senior MVS Mainframe Computer Operator,https://www.monster.com/jobs/q-senior-mvs-mainframe-computer-operator-jobs.aspx,2.0
560,Senior Network Administrator,https://www.monster.com/jobs/q-senior-network-administrator-jobs.aspx,137.0
561,Senior Network Consultant,https://www.monster.com/jobs/q-senior-network-consultant-jobs.aspx,5.0
562,Senior Network Engineer,https://www.monster.com/jobs/q-senior-network-engineer-jobs.aspx,1000.0
563,Senior Network Infrastructure Engineer,https://www.monster.com/jobs/q-senior-network-infrastructure-engineer-jobs.aspx,1.0
564,Senior Network Infrastructure Technician,https://www.monster.com/jobs/q-senior-network-infrastructure-technician-jobs.aspx,729.0
565,Senior Network Integration Consultant,https://www.monster.com/jobs/q-senior-network-integration-consultant-jobs.aspx,1000.0
566,Senior Oracle Applications programmer,https://www.monster.com/jobs/q-senior-oracle-applications-programmer-jobs.aspx,550.0
567,Senior Oracle Architect,https://www.monster.com/jobs/q-senior-oracle-architect-jobs.aspx,1.0
568,Senior Oracle Database Administrator,https://www.monster.com/jobs/q-senior-oracle-database-administrator-jobs.aspx,82.0
569,Senior Oracle Integration Engineer,https://www.monster.com/jobs/q-senior-oracle-integration-engineer-jobs.aspx,1000.0
570,Senior Peoplesoft Architect,https://www.monster.com/jobs/q-senior-peoplesoft-architect-jobs.aspx,183.0
571,Senior Peoplesoft Integration Engineer,https://www.monster.com/jobs/q-senior-peoplesoft-integration-engineer-jobs.aspx,98.0
572,Senior Product Applications Engineer,https://www.monster.com/jobs/q-senior-product-applications-engineer-jobs.aspx,4.0
573,Senior Product Integration Consultant,https://www.monster.com/jobs/q-senior-product-integration-consultant-jobs.aspx,1000.0
574,Senior Product Manager,https://www.monster.com/jobs/q-senior-product-manager-jobs.aspx,1000.0
575,Senior program Manager,https://www.monster.com/jobs/q-senior-program-manager-jobs.aspx,1000.0
576,Senior programmer,https://www.monster.com/jobs/q-senior-programmer-jobs.aspx,457.0
577,Senior programmer Analyst,https://www.monster.com/jobs/q-senior-programmer-analyst-jobs.aspx,290.0
578,Senior programmer Analyst Consulting,https://www.monster.com/jobs/q-senior-programmer-analyst-consulting-jobs.aspx,215.0
579,Senior Recruitment Consultant,https://www.monster.com/jobs/q-senior-recruitment-consultant-jobs.aspx,4.0
580,Senior SAN Integration Consultant,https://www.monster.com/jobs/q-senior-san-integration-consultant-jobs.aspx,449.0
581,Senior SAP Architect,https://www.monster.com/jobs/q-senior-sap-architect-jobs.aspx,5.0
582,Senior SAP Integration Engineer,https://www.monster.com/jobs/q-senior-sap-integration-engineer-jobs.aspx,465.0
583,Senior SEO Software Developer,https://www.monster.com/jobs/q-senior-seo-software-developer-jobs.aspx,112.0
584,Senior SEO Software Engineer,https://www.monster.com/jobs/q-senior-seo-software-engineer-jobs.aspx,97.0
585,Senior Siebel Architect,https://www.monster.com/jobs/q-senior-siebel-architect-jobs.aspx,74.0
586,Senior Siebel Integration Engineer,https://www.monster.com/jobs/q-senior-siebel-integration-engineer-jobs.aspx,29.0
587,Senior Software Engineer,https://www.monster.com/jobs/q-senior-software-engineer-jobs.aspx,1000.0
588,Senior Systems Administrator,https://www.monster.com/jobs/q-senior-systems-administrator-jobs.aspx,729.0
589,Senior Systems Engineer,https://www.monster.com/jobs/q-senior-systems-engineer-jobs.aspx,1000.0
590,Senior Technical Integration Consultant,https://www.monster.com/jobs/q-senior-technical-integration-consultant-jobs.aspx,1000.0
591,Senior Technical Support Engineer,https://www.monster.com/jobs/q-senior-technical-support-engineer-jobs.aspx,121.0
592,Senior UNIX Administrator,https://www.monster.com/jobs/q-senior-unix-administrator-jobs.aspx,5.0
593,Senior Visual Basic programmer,https://www.monster.com/jobs/q-senior-visual-basic-programmer-jobs.aspx,101.0
594,Senior Web Applications Developer,https://www.monster.com/jobs/q-senior-web-applications-developer-jobs.aspx,62.0
595,Senior Web Site Designer,https://www.monster.com/jobs/q-senior-web-site-designer-jobs.aspx,967.0
596,SEO Analyst,https://www.monster.com/jobs/q-seo-analyst-jobs.aspx,93.0
597,SEO Associate,https://www.monster.com/jobs/q-seo-associate-jobs.aspx,24.0
598,SEO Developer,https://www.monster.com/jobs/q-seo-developer-jobs.aspx,1000.0
599,SEO Director,https://www.monster.com/jobs/q-seo-director-jobs.aspx,14.0
600,SEO Engineer,https://www.monster.com/jobs/q-seo-engineer-jobs.aspx,5.0
601,SEO Engineering,https://www.monster.com/jobs/q-seo-engineering-jobs.aspx,3.0
602,SEO Manager,https://www.monster.com/jobs/q-seo-manager-jobs.aspx,140.0
603,SEO Product Manager,https://www.monster.com/jobs/q-seo-product-manager-jobs.aspx,4.0
604,SEO Software Developer,https://www.monster.com/jobs/q-seo-software-developer-jobs.aspx,427.0
605,SEO Software Engineering,https://www.monster.com/jobs/q-seo-software-engineering-jobs.aspx,343.0
606,SEO Specialist,https://www.monster.com/jobs/q-seo-specialist-jobs.aspx,161.0
607,SEO/PPC Specialist,https://www.monster.com/jobs/q-seo-ppc-specialist-jobs.aspx,2.0
608,Server,https://www.monster.com/jobs/q-server-jobs.aspx,1000.0
609,Server Administrator,https://www.monster.com/jobs/q-server-administrator-jobs.aspx,548.0
610,Server Engineer,https://www.monster.com/jobs/q-server-engineer-jobs.aspx,410.0
611,Server Programmer,https://www.monster.com/jobs/q-server-programmer-jobs.aspx,13.0
612,Server Software Engineer,https://www.monster.com/jobs/q-server-software-engineer-jobs.aspx,20.0
613,Server Support,https://www.monster.com/jobs/q-server-support-jobs.aspx,897.0
614,Service Desk Analyst,https://www.monster.com/jobs/q-service-desk-analyst-jobs.aspx,375.0
615,Service Desk Team Leader,https://www.monster.com/jobs/q-service-desk-team-leader-jobs.aspx,7.0
616,Services Applications Advisor,https://www.monster.com/jobs/q-services-applications-advisor-jobs.aspx,1000.0
617,Sharepoint Administrator,https://www.monster.com/jobs/q-sharepoint-administrator-jobs.aspx,341.0
618,Sharepoint Consultant,https://www.monster.com/jobs/q-sharepoint-consultant-jobs.aspx,26.0
619,Sharepoint Developer,https://www.monster.com/jobs/q-sharepoint-developer-jobs.aspx,630.0
620,Shockwave,https://www.monster.com/jobs/q-shockwave-jobs.aspx,16.0
621,Shockwave Developer,https://www.monster.com/jobs/q-shockwave-developer-jobs.aspx,1.0
622,Siebel Architect,https://www.monster.com/jobs/q-siebel-architect-jobs.aspx,3.0
623,Siebel Developer,https://www.monster.com/jobs/q-siebel-developer-jobs.aspx,15.0
624,Siebel Integration Engineer,https://www.monster.com/jobs/q-siebel-integration-engineer-jobs.aspx,66.0
625,Siebel Pre-Sales Technical Consultant,https://www.monster.com/jobs/q-siebel-pre-sales-technical-consultant-jobs.aspx,23.0
626,Siebel System Administrator,https://www.monster.com/jobs/q-siebel-system-administrator-jobs.aspx,194.0
627,Smartphone Developer,https://www.monster.com/jobs/q-smartphone-developer-jobs.aspx,467.0
628,Software,https://www.monster.com/jobs/q-software-jobs.aspx,1000.0
629,Software Analyst,https://www.monster.com/jobs/q-software-analyst-jobs.aspx,186.0
630,Software Architect,https://www.monster.com/jobs/q-software-architect-jobs.aspx,1000.0
631,Software Change Control Specialist,https://www.monster.com/jobs/q-software-change-control-specialist-jobs.aspx,1000.0
632,Software Consultant,https://www.monster.com/jobs/q-software-consultant-jobs.aspx,205.0
633,Software Consulting Project Manager,https://www.monster.com/jobs/q-software-consulting-project-manager-jobs.aspx,1000.0
634,Software Design Engineer,https://www.monster.com/jobs/q-software-design-engineer-jobs.aspx,319.0
635,Software Designer,https://www.monster.com/jobs/q-software-designer-jobs.aspx,194.0
636,Software Developer,https://www.monster.com/jobs/q-software-developer-jobs.aspx,1000.0
637,Software Developer - POS,https://www.monster.com/jobs/q-software-developer-pos-jobs.aspx,
638,Software Development,https://www.monster.com/jobs/q-software-development-jobs.aspx,1000.0
639,Software Development Engineer,https://www.monster.com/jobs/q-software-development-engineer-jobs.aspx,1000.0
640,Software Development Manager,https://www.monster.com/jobs/q-software-development-manager-jobs.aspx,1000.0
641,"Software Development, Other",https://www.monster.com/jobs/q-software-development-other-jobs.aspx,18.0
642,Software Engineer,https://www.monster.com/jobs/q-software-engineer-jobs.aspx,1000.0
643,Software Engineer Device Drivers,https://www.monster.com/jobs/q-software-engineer-device-drivers-jobs.aspx,1000.0
644,Software Manager,https://www.monster.com/jobs/q-software-manager-jobs.aspx,143.0
645,Software programmer,https://www.monster.com/jobs/q-software-programmer-jobs.aspx,238.0
646,Software Project Manager,https://www.monster.com/jobs/q-software-project-manager-jobs.aspx,129.0
647,Software Quality Assurance Producer,https://www.monster.com/jobs/q-software-quality-assurance-producer-jobs.aspx,240.0
648,Software Research and Development Director,https://www.monster.com/jobs/q-software-research-development-director-jobs.aspx,1000.0
649,Software Test Engineer,https://www.monster.com/jobs/q-software-test-engineer-jobs.aspx,666.0
650,Software Testing,https://www.monster.com/jobs/q-software-testing-jobs.aspx,1000.0
651,Solaris Administrator,https://www.monster.com/jobs/q-solaris-administrator-jobs.aspx,16.0
652,Solution Architect,https://www.monster.com/jobs/q-solution-architect-jobs.aspx,1000.0
653,Solution Specialist,https://www.monster.com/jobs/q-solution-specialist-jobs.aspx,1000.0
654,Solutions Architect,https://www.monster.com/jobs/q-solutions-architect-jobs.aspx,1000.0
655,Sql,https://www.monster.com/jobs/q-sql-jobs.aspx,1000.0
656,SQL Database Analyst,https://www.monster.com/jobs/q-sql-database-analyst-jobs.aspx,5.0
657,SQL DBA,https://www.monster.com/jobs/q-sql-dba-jobs.aspx,468.0
658,SQL Developer,https://www.monster.com/jobs/q-sql-developer-jobs.aspx,1000.0
659,Sql Server,https://www.monster.com/jobs/q-sql-server-jobs.aspx,1000.0
660,SQL Server Database Administrator,https://www.monster.com/jobs/q-sql-server-database-administrator-jobs.aspx,400.0
661,SQL Server DBA,https://www.monster.com/jobs/q-sql-server-dba-jobs.aspx,427.0
662,SQL Server Developer,https://www.monster.com/jobs/q-sql-server-developer-jobs.aspx,
663,Sr. Applications Engineer,https://www.monster.com/jobs/q-sr-applications-engineer-jobs.aspx,219.0
664,Sr. ASIC Design Engineer,https://www.monster.com/jobs/q-sr-asic-design-engineer-jobs.aspx,12.0
665,Sr. ASP Developer,https://www.monster.com/jobs/q-sr-asp-developer-jobs.aspx,1000.0
666,Sr. Baan Architect,https://www.monster.com/jobs/q-sr-baan-architect-jobs.aspx,1000.0
667,Sr. Baan Integration Engineer,https://www.monster.com/jobs/q-sr-baan-integration-engineer-jobs.aspx,4.0
668,Sr. Baan Pre-Sales Technical Consultant,https://www.monster.com/jobs/q-sr-baan-pre-sales-technical-consultant-jobs.aspx,1000.0
669,Sr. Computer Operator,https://www.monster.com/jobs/q-sr-computer-operator-jobs.aspx,10.0
670,Sr. Data Conversion Consultant,https://www.monster.com/jobs/q-sr-data-conversion-consultant-jobs.aspx,468.0
671,Sr. Data Delivery Engineer,https://www.monster.com/jobs/q-sr-data-delivery-engineer-jobs.aspx,1.0
672,Sr. Data Integration Developer,https://www.monster.com/jobs/q-sr-data-integration-developer-jobs.aspx,5.0
673,Sr. Data Modeler,https://www.monster.com/jobs/q-sr-data-modeler-jobs.aspx,42.0
674,Sr. Data Warehouse Business Consultant,https://www.monster.com/jobs/q-sr-data-warehouse-business-consultant-jobs.aspx,1000.0
675,Sr. Data Warehouse Developer,https://www.monster.com/jobs/q-sr-data-warehouse-developer-jobs.aspx,48.0
676,Sr. Data Warehouse Information Architect,https://www.monster.com/jobs/q-sr-data-warehouse-information-architect-jobs.aspx,1000.0
677,Sr. Data Warehouse Technical Consultant,https://www.monster.com/jobs/q-sr-data-warehouse-technical-consultant-jobs.aspx,811.0
678,Sr. Database Administrator,https://www.monster.com/jobs/q-sr-database-administrator-jobs.aspx,477.0
679,Sr. Desktop Technical Analyst,https://www.monster.com/jobs/q-sr-desktop-technical-analyst-jobs.aspx,2.0
680,Sr. E-Commerce Architect,https://www.monster.com/jobs/q-sr-e-commerce-architect-jobs.aspx,392.0
681,Sr. E-Commerce Functional Architect,https://www.monster.com/jobs/q-sr-e-commerce-functional-architect-jobs.aspx,207.0
682,Sr. E-Commerce Integration Consultant,https://www.monster.com/jobs/q-sr-e-commerce-integration-consultant-jobs.aspx,204.0
683,Sr. E-Commerce Intelligence Consultant,https://www.monster.com/jobs/q-sr-e-commerce-intelligence-consultant-jobs.aspx,123.0
684,Sr. ERP Architect,https://www.monster.com/jobs/q-sr-erp-architect-jobs.aspx,719.0
685,Sr. ERP Business Systems Analyst,https://www.monster.com/jobs/q-sr-erp-business-systems-analyst-jobs.aspx,2.0
686,Sr. ERP Integration Engineer,https://www.monster.com/jobs/q-sr-erp-integration-engineer-jobs.aspx,468.0
687,Sr. ERP Module Integration Engineer,https://www.monster.com/jobs/q-sr-erp-module-integration-engineer-jobs.aspx,63.0
688,Sr. ERP Pre-Sales Technical Consultant,https://www.monster.com/jobs/q-sr-erp-pre-sales-technical-consultant-jobs.aspx,48.0
689,Sr. Information Architect,https://www.monster.com/jobs/q-sr-information-architect-jobs.aspx,10.0
690,Sr. Information Technology Auditor,https://www.monster.com/jobs/q-sr-information-technology-auditor-jobs.aspx,11.0
691,Sr. Infrastructure Architect,https://www.monster.com/jobs/q-sr-infrastructure-architect-jobs.aspx,31.0
692,Sr. J. D. Edwards Architect,https://www.monster.com/jobs/q-sr-jd-edwards-architect-jobs.aspx,1000.0
693,Sr. J. D. Edwards Integration Engineer,https://www.monster.com/jobs/q-sr-jd-edwards-integration-engineer-jobs.aspx,1.0
694,Sr. J.D. Edwards Pre-Sales Technical Consultant,https://www.monster.com/jobs/q-sr-jd-edwards-pre-sales-technical-consultant-jobs.aspx,1000.0
695,Sr. LAN Analyst,https://www.monster.com/jobs/q-sr-lan-analyst-jobs.aspx,342.0
696,Sr. Lawson Architect,https://www.monster.com/jobs/q-sr-lawson-architect-jobs.aspx,51.0
697,Sr. Lawson Integration Engineer,https://www.monster.com/jobs/q-sr-lawson-integration-engineer-jobs.aspx,32.0
698,Sr. Lawson Pre-Sales Technical Consultant,https://www.monster.com/jobs/q-sr-lawson-pre-sales-technical-consultant-jobs.aspx,1000.0
699,Sr. MVS Mainframe Computer Operator,https://www.monster.com/jobs/q-sr-mvs-mainframe-computer-operator-jobs.aspx,2.0
700,Sr. Network Administrator,https://www.monster.com/jobs/q-sr-network-administrator-jobs.aspx,173.0
701,Sr. Network Consultant,https://www.monster.com/jobs/q-sr-network-consultant-jobs.aspx,12.0
702,Sr. Network Engineer,https://www.monster.com/jobs/q-sr-network-engineer-jobs.aspx,1000.0
703,Sr. Network Infrastructure Engineer,https://www.monster.com/jobs/q-sr-network-infrastructure-engineer-jobs.aspx,1.0
704,Sr. Network Infrastructure Technician,https://www.monster.com/jobs/q-sr-network-infrastructure-technician-jobs.aspx,769.0
705,Sr. Network Integration Consultant,https://www.monster.com/jobs/q-sr-network-integration-consultant-jobs.aspx,1000.0
706,Sr. Oracle Applications Programmer,https://www.monster.com/jobs/q-sr-oracle-applications-programmer-jobs.aspx,625.0
707,Sr. Oracle Architect,https://www.monster.com/jobs/q-sr-oracle-architect-jobs.aspx,1.0
708,Sr. Oracle Database Administrator,https://www.monster.com/jobs/q-sr-oracle-database-administrator-jobs.aspx,150.0
709,Sr. Oracle Integration Engineer,https://www.monster.com/jobs/q-sr-oracle-integration-engineer-jobs.aspx,1000.0
710,Sr. Oracle Pre-Sales Technical Consultant,https://www.monster.com/jobs/q-sr-oracle-pre-sales-technical-consultant-jobs.aspx,166.0
711,Sr. Peoplesoft Architect,https://www.monster.com/jobs/q-sr-peoplesoft-architect-jobs.aspx,194.0
712,Sr. Peoplesoft Integration Engineer,https://www.monster.com/jobs/q-sr-peoplesoft-integration-engineer-jobs.aspx,122.0
713,Sr. Peoplesoft Pre-Sales Technical Consultant,https://www.monster.com/jobs/q-sr-peoplesoft-pre-sales-technical-consultant-jobs.aspx,12.0
714,Sr. Photonics Engineer,https://www.monster.com/jobs/q-sr-photonics-engineer-jobs.aspx,1.0
715,Sr. Product Applications Engineer,https://www.monster.com/jobs/q-sr-product-applications-engineer-jobs.aspx,4.0
716,Sr. Product Integration Consultant,https://www.monster.com/jobs/q-sr-product-integration-consultant-jobs.aspx,1000.0
717,Sr. Programmer,https://www.monster.com/jobs/q-sr-programmer-jobs.aspx,560.0
718,Sr. Programmer Analyst,https://www.monster.com/jobs/q-sr-programmer-analyst-jobs.aspx,363.0
719,Sr. Programmer Analyst Consulting,https://www.monster.com/jobs/q-sr-programmer-analyst-consulting-jobs.aspx,237.0
720,Sr. SAN Integration Consultant,https://www.monster.com/jobs/q-sr-san-integration-consultant-jobs.aspx,457.0
721,Sr. SAP Architect,https://www.monster.com/jobs/q-sr-sap-architect-jobs.aspx,5.0
722,Sr. SAP Integration Engineer,https://www.monster.com/jobs/q-sr-sap-integration-engineer-jobs.aspx,529.0
723,Sr. SAP Pre-Sales Technical Consultant,https://www.monster.com/jobs/q-sr-sap-pre-sales-technical-consultant-jobs.aspx,55.0
724,Sr. Siebel Architect,https://www.monster.com/jobs/q-sr-siebel-architect-jobs.aspx,78.0
725,Sr. Siebel Integration Engineer,https://www.monster.com/jobs/q-sr-siebel-integration-engineer-jobs.aspx,32.0
726,Sr. Siebel Pre-Sales Technical Consultant,https://www.monster.com/jobs/q-sr-siebel-pre-sales-technical-consultant-jobs.aspx,14.0
727,Sr. Software Engineer,https://www.monster.com/jobs/q-sr-software-engineer-jobs.aspx,1000.0
728,Sr. Systems Administrator,https://www.monster.com/jobs/q-sr-systems-administrator-jobs.aspx,886.0
729,Sr. Systems Administrator For Broadband,https://www.monster.com/jobs/q-sr-systems-administrator-for-broadband-jobs.aspx,33.0
730,Sr. Systems Administrator For Hostmaster,https://www.monster.com/jobs/q-sr-systems-administrator-for-hostmaster-jobs.aspx,1000.0
731,Sr. Systems Analyst,https://www.monster.com/jobs/q-sr-systems-analyst-jobs.aspx,501.0
732,Sr. UNIX Administrator,https://www.monster.com/jobs/q-sr-unix-administrator-jobs.aspx,8.0
733,Sr. Visual Basic Programmer,https://www.monster.com/jobs/q-sr-visual-basic-programmer-jobs.aspx,103.0
734,Sr. Web Applications Developer,https://www.monster.com/jobs/q-sr-web-applications-developer-jobs.aspx,68.0
735,Staff Software Engineer,https://www.monster.com/jobs/q-staff-software-engineer-jobs.aspx,516.0
736,Supply Chain Consultant,https://www.monster.com/jobs/q-supply-chain-consultant-jobs.aspx,39.0
737,Support Manager,https://www.monster.com/jobs/q-support-manager-jobs.aspx,1000.0
738,Support Technician,https://www.monster.com/jobs/q-support-technician-jobs.aspx,1000.0
739,Sybase Database Administrator,https://www.monster.com/jobs/q-sybase-database-administrator-jobs.aspx,20.0
740,Sybase DBA,https://www.monster.com/jobs/q-sybase-dba-jobs.aspx,24.0
741,System Administrator,https://www.monster.com/jobs/q-system-administrator-jobs.aspx,1000.0
742,System Analyst,https://www.monster.com/jobs/q-system-analyst-jobs.aspx,1000.0
743,System Architect,https://www.monster.com/jobs/q-system-architect-jobs.aspx,1000.0
744,System Engineer,https://www.monster.com/jobs/q-system-engineer-jobs.aspx,1000.0
745,System Programmer,https://www.monster.com/jobs/q-system-programmer-jobs.aspx,506.0
746,System Security Analyst,https://www.monster.com/jobs/q-system-security-analyst-jobs.aspx,83.0
747,System Security Lead,https://www.monster.com/jobs/q-system-security-lead-jobs.aspx,3.0
748,System Security Manager,https://www.monster.com/jobs/q-system-security-manager-jobs.aspx,513.0
749,System Security Technician,https://www.monster.com/jobs/q-system-security-technician-jobs.aspx,2.0
750,System Security Technician For External,https://www.monster.com/jobs/q-system-security-technician-for-external-jobs.aspx,1000.0
751,Systems,https://www.monster.com/jobs/q-systems-jobs.aspx,1000.0
752,Systems Accountant,https://www.monster.com/jobs/q-systems-accountant-jobs.aspx,17.0
753,Systems Admin,https://www.monster.com/jobs/q-systems-admin-jobs.aspx,1000.0
754,Systems Administrator,https://www.monster.com/jobs/q-systems-administrator-jobs.aspx,1000.0
755,Systems Administrator For Broadband,https://www.monster.com/jobs/q-systems-administrator-for-broadband-jobs.aspx,136.0
756,Systems Administrator For Hostmaster,https://www.monster.com/jobs/q-systems-administrator-for-hostmaster-jobs.aspx,1000.0
757,Systems Analyst,https://www.monster.com/jobs/q-systems-analyst-jobs.aspx,1000.0
758,Systems Analyst Consulting,https://www.monster.com/jobs/q-systems-analyst-consulting-jobs.aspx,6.0
759,Systems and Programming Manager,https://www.monster.com/jobs/q-systems-programming-manager-jobs.aspx,1000.0
760,Systems And Programming Manager,https://www.monster.com/jobs/q-systems-and-programming-manager-jobs.aspx,1000.0
761,Systems Architect,https://www.monster.com/jobs/q-systems-architect-jobs.aspx,1000.0
762,Systems Director,https://www.monster.com/jobs/q-systems-director-jobs.aspx,456.0
763,Systems Engineer,https://www.monster.com/jobs/q-systems-engineer-jobs.aspx,1000.0
764,Systems Integration Engineer,https://www.monster.com/jobs/q-systems-integration-engineer-jobs.aspx,259.0
765,Systems Manager,https://www.monster.com/jobs/q-systems-manager-jobs.aspx,1000.0
766,Systems Programmer,https://www.monster.com/jobs/q-systems-programmer-jobs.aspx,506.0
767,Systems Security Specialist,https://www.monster.com/jobs/q-systems-security-specialist-jobs.aspx,88.0
768,Systems Testing,https://www.monster.com/jobs/q-systems-testing-jobs.aspx,1000.0
769,Technical Administrator,https://www.monster.com/jobs/q-technical-administrator-jobs.aspx,119.0
770,Technical Engineer,https://www.monster.com/jobs/q-technical-engineer-jobs.aspx,501.0
771,Technical Integration Consultant,https://www.monster.com/jobs/q-technical-integration-consultant-jobs.aspx,9.0
772,Technical Products Manager,https://www.monster.com/jobs/q-technical-products-manager-jobs.aspx,558.0
773,Technical Support Analyst,https://www.monster.com/jobs/q-technical-support-analyst-jobs.aspx,313.0
774,Technical Support Consultant,https://www.monster.com/jobs/q-technical-support-consultant-jobs.aspx,44.0
775,Technical Support Engineer,https://www.monster.com/jobs/q-technical-support-engineer-jobs.aspx,990.0
776,Technical Support Manager,https://www.monster.com/jobs/q-technical-support-manager-jobs.aspx,146.0
777,Technical Support Representative,https://www.monster.com/jobs/q-technical-support-representative-jobs.aspx,1000.0
778,Technical Support Specialist,https://www.monster.com/jobs/q-technical-support-specialist-jobs.aspx,808.0
779,Technology Consultant,https://www.monster.com/jobs/q-technology-consultant-jobs.aspx,1000.0
780,Telecom,https://www.monster.com/jobs/q-telecom-jobs.aspx,1000.0
781,Telecommunications,https://www.monster.com/jobs/q-telecommunications-jobs.aspx,1000.0
782,Telecoms Project Manager,https://www.monster.com/jobs/q-telecoms-project-manager-jobs.aspx,13.0
783,Trainee Analyst,https://www.monster.com/jobs/q-trainee-analyst-jobs.aspx,367.0
784,Trainee Consultant,https://www.monster.com/jobs/q-trainee-consultant-jobs.aspx,801.0
785,Trainee Developer,https://www.monster.com/jobs/q-trainee-developer-jobs.aspx,105.0
786,Transition Manager,https://www.monster.com/jobs/q-transition-manager-jobs.aspx,158.0
787,UAT,https://www.monster.com/jobs/q-uat-jobs.aspx,1000.0
788,Unisys Operations Analyst,https://www.monster.com/jobs/q-unisys-operations-analyst-jobs.aspx,84.0
789,Unix,https://www.monster.com/jobs/q-unix-jobs.aspx,1000.0
790,Unix Administrator,https://www.monster.com/jobs/q-unix-administrator-jobs.aspx,97.0
791,Unix Engineer,https://www.monster.com/jobs/q-unix-engineer-jobs.aspx,51.0
792,UNIX Operations Analyst,https://www.monster.com/jobs/q-unix-operations-analyst-jobs.aspx,1000.0
793,UNIX Operations Support Analyst,https://www.monster.com/jobs/q-unix-operations-support-analyst-jobs.aspx,1.0
794,Unix System Administrator,https://www.monster.com/jobs/q-unix-system-administrator-jobs.aspx,236.0
795,Unix System Tester,https://www.monster.com/jobs/q-unix-system-tester-jobs.aspx,571.0
796,UNIX Systems Manager,https://www.monster.com/jobs/q-unix-systems-manager-jobs.aspx,3.0
797,USB Host Developer,https://www.monster.com/jobs/q-usb-host-developer-jobs.aspx,10.0
798,User Interface,https://www.monster.com/jobs/q-user-interface-jobs.aspx,1000.0
799,VB,https://www.monster.com/jobs/q-vb-jobs.aspx,1000.0
800,VB Developer,https://www.monster.com/jobs/q-vb-developer-jobs.aspx,5.0
801,VB Net Developer,https://www.monster.com/jobs/q-vb-net-developer-jobs.aspx,81.0
802,VB6,https://www.monster.com/jobs/q-vb6-jobs.aspx,173.0
803,VBA,https://www.monster.com/jobs/q-vba-jobs.aspx,1000.0
804,Verification,https://www.monster.com/jobs/q-verification-jobs.aspx,1000.0
805,Verifier,https://www.monster.com/jobs/q-verifier-jobs.aspx,1000.0
806,Visual Basic & ASP Programmer,https://www.monster.com/jobs/q-visual-basic-asp-programmer-jobs.aspx,114.0
807,Visual Basic Database Developer,https://www.monster.com/jobs/q-visual-basic-database-developer-jobs.aspx,809.0
808,Visual Basic Developer,https://www.monster.com/jobs/q-visual-basic-developer-jobs.aspx,1.0
809,Visual Basic Programmer,https://www.monster.com/jobs/q-visual-basic-programmer-jobs.aspx,356.0
810,Visual Designer,https://www.monster.com/jobs/q-visual-designer-jobs.aspx,1000.0
811,Voice Application Developer,https://www.monster.com/jobs/q-voice-application-developer-jobs.aspx,1.0
812,VP Human Resources,https://www.monster.com/jobs/q-vp-human-resources-jobs.aspx,144.0
813,VP Of Information Technology,https://www.monster.com/jobs/q-vp-of-information-technology-jobs.aspx,23.0
814,VP Of Search,https://www.monster.com/jobs/q-vp-of-search-jobs.aspx,1.0
815,Web Administrator,https://www.monster.com/jobs/q-web-administrator-jobs.aspx,100.0
816,Web Analyst,https://www.monster.com/jobs/q-web-analyst-jobs.aspx,151.0
817,Web And Graphic Design,https://www.monster.com/jobs/q-web-and-graphic-design-jobs.aspx,1000.0
818,Web And Graphic Designer,https://www.monster.com/jobs/q-web-and-graphic-designer-jobs.aspx,1000.0
819,Web Application Developer,https://www.monster.com/jobs/q-web-application-developer-jobs.aspx,536.0
820,Web Application Pre-Sales Engineer,https://www.monster.com/jobs/q-web-application-pre-sales-engineer-jobs.aspx,434.0
821,Web Applications Developer,https://www.monster.com/jobs/q-web-applications-developer-jobs.aspx,536.0
822,Web Applications Pre-Sales Engineer,https://www.monster.com/jobs/q-web-applications-pre-sales-engineer-jobs.aspx,434.0
823,Web Architect,https://www.monster.com/jobs/q-web-architect-jobs.aspx,88.0
824,Web Content,https://www.monster.com/jobs/q-web-content-jobs.aspx,1000.0
825,Web Content Producer,https://www.monster.com/jobs/q-web-content-producer-jobs.aspx,14.0
826,Web Design,https://www.monster.com/jobs/q-web-design-jobs.aspx,1000.0
827,Web Design Graduate,https://www.monster.com/jobs/q-web-design-graduate-jobs.aspx,1000.0
828,Web Developer,https://www.monster.com/jobs/q-web-developer-jobs.aspx,1000.0
829,Web Development,https://www.monster.com/jobs/q-web-development-jobs.aspx,1000.0
830,Web Development Manager,https://www.monster.com/jobs/q-web-development-manager-jobs.aspx,42.0
831,"Web Development, Other",https://www.monster.com/jobs/q-web-development-other-jobs.aspx,5.0
832,Web Digital Marketing,https://www.monster.com/jobs/q-web-digital-marketing-jobs.aspx,35.0
833,Web Evangelist,https://www.monster.com/jobs/q-web-evangelist-jobs.aspx,743.0
834,Web Graphic Design,https://www.monster.com/jobs/q-web-graphic-design-jobs.aspx,210.0
835,Web Multimedia Developer,https://www.monster.com/jobs/q-web-multimedia-developer-jobs.aspx,506.0
836,Web Producer,https://www.monster.com/jobs/q-web-producer-jobs.aspx,141.0
837,Web Product Manager,https://www.monster.com/jobs/q-web-product-manager-jobs.aspx,13.0
838,Web Programmer,https://www.monster.com/jobs/q-web-programmer-jobs.aspx,80.0
839,Web Reporting Developer,https://www.monster.com/jobs/q-web-reporting-developer-jobs.aspx,1000.0
840,Web Reporting Specialist,https://www.monster.com/jobs/q-web-reporting-specialist-jobs.aspx,1000.0
841,Web Security Analyst,https://www.monster.com/jobs/q-web-security-analyst-jobs.aspx,1000.0
842,Web System Administrator,https://www.monster.com/jobs/q-web-system-administrator-jobs.aspx,8.0
843,Web Utilization Analyst,https://www.monster.com/jobs/q-web-utilization-analyst-jobs.aspx,1000.0
844,Webmaster,https://www.monster.com/jobs/q-webmaster-jobs.aspx,1000.0
845,Webmethods,https://www.monster.com/jobs/q-webmethods-jobs.aspx,361.0
846,Website Manager,https://www.monster.com/jobs/q-website-manager-jobs.aspx,52.0
847,Websphere Administrator,https://www.monster.com/jobs/q-websphere-administrator-jobs.aspx,49.0
848,Windows Administrator,https://www.monster.com/jobs/q-windows-administrator-jobs.aspx,167.0
849,Windows System Administrator,https://www.monster.com/jobs/q-windows-system-administrator-jobs.aspx,490.0
850,Windows Systems Administrator,https://www.monster.com/jobs/q-windows-systems-administrator-jobs.aspx,490.0
851,Wireless,https://www.monster.com/jobs/q-wireless-jobs.aspx,1000.0
852,Wireless Engineer,https://www.monster.com/jobs/q-wireless-engineer-jobs.aspx,94.0
853,Work From Home IT,https://www.monster.com/jobs/q-work-from-home-it-jobs.aspx,9.0
854,Workstation Technician,https://www.monster.com/jobs/q-workstation-technician-jobs.aspx,8.0
855,Xcellenet Developer,https://www.monster.com/jobs/q-xcellenet-developer-jobs.aspx,1000.0
856,Xcelsius Consultant,https://www.monster.com/jobs/q-xcelsius-consultant-jobs.aspx,30.0
857,Xerox Operator,https://www.monster.com/jobs/q-xerox-operator-jobs.aspx,68.0
858,Xforms & Xml Development Specialist,https://www.monster.com/jobs/q-xforms-xml-development-specialist-jobs.aspx,1000.0
859,Xgen Developer,https://www.monster.com/jobs/q-xgen-developer-jobs.aspx,5.0
860,XML,https://www.monster.com/jobs/q-xml-jobs.aspx,1000.0
861,Xml Developer,https://www.monster.com/jobs/q-xml-developer-jobs.aspx,4.0
862,XML Development Specialist,https://www.monster.com/jobs/q-xml-development-specialist-jobs.aspx,918.0
863,Xml Extraction Expert,https://www.monster.com/jobs/q-xml-extraction-expert-jobs.aspx,79.0
864,Xml Specialist,https://www.monster.com/jobs/q-xml-specialist-jobs.aspx,6.0
865,Xml-Vb Developer,https://www.monster.com/jobs/q-xml-vb-developer-jobs.aspx,21.0
866,Xml-Xsl Developer,https://www.monster.com/jobs/q-xml-xsl-developer-jobs.aspx,354.0
867,Xpress Integration Specialist,https://www.monster.com/jobs/q-xpress-integration-specialist-jobs.aspx,2.0
868,Xsd Developer,https://www.monster.com/jobs/q-xsd-developer-jobs.aspx,780.0
869,Xseries & Linux Specialist,https://www.monster.com/jobs/q-xseries-linux-specialist-jobs.aspx,4.0
870,Xseries Linux Technical Consultant,https://www.monster.com/jobs/q-xseries-linux-technical-consultant-jobs.aspx,1000.0
871,Xsl Developer,https://www.monster.com/jobs/q-xsl-developer-jobs.aspx,664.0
872,Xslt Developer,https://www.monster.com/jobs/q-xslt-developer-jobs.aspx,3.0
873,Z/OS Release Management,https://www.monster.com/jobs/q-z-os-release-management-jobs.aspx,71.0
874,Z/OS Systems Programmer,https://www.monster.com/jobs/q-z-os-systems-programmer-jobs.aspx,16.0
875,Z/OS Unix System Tester,https://www.monster.com/jobs/q-z-os-unix-system-tester-jobs.aspx,1.0
876,Z/VM Systems Programmer,https://www.monster.com/jobs/q-z-vm-systems-programmer-jobs.aspx,2.0
877,Zainet Developer,https://www.monster.com/jobs/q-zainet-developer-jobs.aspx,1000.0
878,Zenworks Consultant,https://www.monster.com/jobs/q-zenworks-consultant-jobs.aspx,1.0
879,Zos Systems Programmer,https://www.monster.com/jobs/q-zos-systems-programmer-jobs.aspx,22.0
880,Zseries IT Specialist,https://www.monster.com/jobs/q-zseries-it-specialist-jobs.aspx,2.0
881,Zurb Operator,https://www.monster.com/jobs/q-zurb-operator-jobs.aspx,1000.0
